time,frequency,dBm,latitude,lat_dir,longitude,lon_dir
26,2442,-93.5,4020.8714,N,7439.6287,W
26,2442,-91.5,4020.8714,N,7439.6287,W
27,2442,-91.5,4020.8714,N,7439.6287,W
27,2442,-94.0,4020.8714,N,7439.6287,W
27,2442,-93.5,4020.8714,N,7439.6287,W
27,2442,-92.0,4020.8714,N,7439.6287,W
27,2442,-94.0,4020.8714,N,7439.6287,W
27,2442,-90.5,4020.8714,N,7439.6287,W
27,2442,-94.5,4020.8714,N,7439.6287,W
28,2442,-95.5,4020.8714,N,7439.6287,W
28,2442,-94.0,4020.8714,N,7439.6287,W
28,2442,-96.0,4020.8714,N,7439.6287,W
28,2442,-91.0,4020.8714,N,7439.6287,W
28,2442,-95.0,4020.8703,N,7439.6298,W
28,2442,-87.0,4020.8703,N,7439.6298,W
28,2442,-95.0,4020.8703,N,7439.6298,W
29,2442,-90.5,4020.8703,N,7439.6298,W
29,2442,-94.5,4020.8703,N,7439.6298,W
29,2442,-92.5,4020.8703,N,7439.6298,W
29,2442,-89.0,4020.8703,N,7439.6298,W
29,2442,-97.5,4020.8698,N,7439.6298,W
29,2442,-94.0,4020.8698,N,7439.6298,W
29,2442,-92.5,4020.8698,N,7439.6298,W
29,2442,-94.0,4020.8698,N,7439.6298,W
30,2442,-91.0,4020.8698,N,7439.6298,W
30,2442,-92.0,4020.8698,N,7439.6298,W
30,2442,-93.5,4020.8698,N,7439.6298,W
30,2442,-94.5,4020.8698,N,7439.6298,W
30,2442,-89.5,4020.8701,N,7439.6298,W
30,2442,-88.5,4020.8701,N,7439.6298,W
30,2442,-90.0,4020.8701,N,7439.6298,W
31,2442,-94.5,4020.8701,N,7439.6298,W
31,2442,-95.5,4020.8701,N,7439.6298,W
31,2442,-91.0,4020.8701,N,7439.6298,W
31,2442,-87.5,4020.8701,N,7439.6298,W
31,2442,-95.5,4020.8701,N,7439.6298,W
31,2442,-92.5,4020.8696,N,7439.6299,W
31,2442,-95.0,4020.8696,N,7439.6299,W
32,2442,-94.5,4020.8696,N,7439.6299,W
32,2442,-93.0,4020.8696,N,7439.6299,W
32,2442,-96.5,4020.8696,N,7439.6299,W
32,2442,-88.0,4020.8696,N,7439.6299,W
32,2442,-90.0,4020.8698,N,7439.6298,W
32,2442,-95.5,4020.8698,N,7439.6298,W
32,2442,-91.0,4020.8698,N,7439.6298,W
32,2442,-91.5,4020.8698,N,7439.6298,W
33,2442,-89.5,4020.8698,N,7439.6298,W
33,2442,-93.5,4020.8698,N,7439.6298,W
33,2442,-96.5,4020.8698,N,7439.6298,W
33,2442,-93.5,4020.8699,N,7439.6296,W
33,2442,-94.5,4020.8699,N,7439.6296,W
33,2442,-94.5,4020.8699,N,7439.6296,W
33,2442,-94.0,4020.8699,N,7439.6296,W
34,2442,-93.0,4020.8699,N,7439.6296,W
34,2442,-91.5,4020.8699,N,7439.6296,W
34,2442,-91.0,4020.8699,N,7439.6296,W
34,2442,-96.0,4020.8699,N,7439.6296,W
34,2442,-98.5,4020.8699,N,7439.6295,W
34,2442,-92.0,4020.8699,N,7439.6295,W
34,2442,-89.5,4020.8699,N,7439.6295,W
35,2442,-90.5,4020.8699,N,7439.6295,W
35,2442,-93.5,4020.8699,N,7439.6295,W
35,2442,-92.0,4020.8699,N,7439.6295,W
35,2442,-92.0,4020.8699,N,7439.6295,W
35,2442,-92.5,4020.8702,N,7439.6294,W
35,2442,-90.0,4020.8702,N,7439.6294,W
35,2442,-93.0,4020.8702,N,7439.6294,W
36,2442,-88.0,4020.8702,N,7439.6294,W
36,2442,-93.5,4020.8702,N,7439.6294,W
36,2442,-96.0,4020.8702,N,7439.6294,W
36,2442,-94.0,4020.8702,N,7439.6294,W
36,2442,-87.0,4020.8702,N,7439.6294,W
36,2442,-90.0,4020.8707,N,7439.6293,W
36,2442,-88.0,4020.8707,N,7439.6293,W
36,2442,-89.5,4020.8707,N,7439.6293,W
37,2442,-92.5,4020.8707,N,7439.6293,W
37,2442,-92.0,4020.8707,N,7439.6293,W
37,2442,-90.0,4020.8707,N,7439.6293,W
37,2442,-90.5,4020.8707,N,7439.6293,W
37,2442,-91.0,4020.8703,N,7439.63,W
37,2442,-97.5,4020.8703,N,7439.63,W
37,2442,-89.5,4020.8703,N,7439.63,W
38,2442,-96.0,4020.8703,N,7439.63,W
38,2442,-89.0,4020.8703,N,7439.63,W
38,2442,-95.5,4020.8703,N,7439.63,W
38,2442,-90.5,4020.8703,N,7439.63,W
38,2442,-88.0,4020.8706,N,7439.63,W
38,2442,-95.5,4020.8706,N,7439.63,W
38,2442,-89.0,4020.8706,N,7439.63,W
39,2442,-92.0,4020.8706,N,7439.63,W
39,2442,-96.5,4020.8706,N,7439.63,W
39,2442,-94.5,4020.8706,N,7439.63,W
39,2442,-90.5,4020.8706,N,7439.63,W
39,2442,-89.0,4020.8711,N,7439.6301,W
39,2442,-92.0,4020.8711,N,7439.6301,W
39,2442,-90.0,4020.8711,N,7439.6301,W
39,2442,-93.5,4020.8711,N,7439.6301,W
40,2442,-94.5,4020.8711,N,7439.6301,W
40,2442,-91.0,4020.8711,N,7439.6301,W
40,2442,-93.0,4020.8711,N,7439.6301,W
40,2442,-90.5,4020.8709,N,7439.6304,W
40,2442,-95.5,4020.8709,N,7439.6304,W
40,2442,-96.0,4020.8709,N,7439.6304,W
40,2442,-93.0,4020.8709,N,7439.6304,W
41,2442,-90.5,4020.8709,N,7439.6304,W
41,2442,-93.0,4020.8709,N,7439.6304,W
41,2442,-97.0,4020.8709,N,7439.6304,W
41,2442,-95.5,4020.8709,N,7439.6304,W
41,2442,-90.5,4020.8709,N,7439.6308,W
41,2442,-90.5,4020.8709,N,7439.6308,W
41,2442,-95.0,4020.8709,N,7439.6308,W
42,2442,-92.5,4020.8709,N,7439.6308,W
42,2442,-94.0,4020.8709,N,7439.6308,W
42,2442,-94.0,4020.8709,N,7439.6308,W
42,2442,-90.5,4020.8709,N,7439.6308,W
42,2442,-93.0,4020.8707,N,7439.6312,W
42,2442,-94.5,4020.8707,N,7439.6312,W
42,2442,-89.5,4020.8707,N,7439.6312,W
43,2442,-91.5,4020.8707,N,7439.6312,W
43,2442,-93.0,4020.8707,N,7439.6312,W
43,2442,-93.0,4020.8707,N,7439.6312,W
43,2442,-84.5,4020.8707,N,7439.6312,W
43,2442,-90.5,4020.8705,N,7439.632,W
43,2442,-89.0,4020.8705,N,7439.632,W
43,2442,-91.0,4020.8705,N,7439.632,W
43,2442,-92.5,4020.8705,N,7439.632,W
44,2442,-95.0,4020.8705,N,7439.632,W
44,2442,-91.0,4020.8705,N,7439.632,W
44,2442,-91.0,4020.8705,N,7439.632,W
44,2442,-97.0,4020.8705,N,7439.632,W
44,2442,-95.5,4020.8743,N,7439.6306,W
44,2442,-91.0,4020.8743,N,7439.6306,W
44,2442,-89.5,4020.8743,N,7439.6306,W
45,2442,-93.0,4020.8743,N,7439.6306,W
45,2442,-93.0,4020.8743,N,7439.6306,W
45,2442,-93.5,4020.8743,N,7439.6306,W
45,2442,-93.0,4020.8743,N,7439.6306,W
45,2442,-95.0,4020.8753,N,7439.6305,W
45,2442,-96.0,4020.8753,N,7439.6305,W
45,2442,-96.5,4020.8753,N,7439.6305,W
46,2442,-93.5,4020.8753,N,7439.6305,W
46,2442,-83.0,4020.8753,N,7439.6305,W
46,2442,-84.0,4020.8753,N,7439.6305,W
46,2442,-92.0,4020.8753,N,7439.6305,W
46,2442,-90.5,4020.8753,N,7439.6305,W
46,2442,-81.5,4020.8753,N,7439.6305,W
46,2442,-91.0,4020.8758,N,7439.6307,W
47,2442,-91.5,4020.8758,N,7439.6307,W
47,2442,-95.0,4020.8758,N,7439.6307,W
47,2442,-96.0,4020.8758,N,7439.6307,W
47,2442,-93.5,4020.8758,N,7439.6307,W
47,2442,-90.0,4020.8758,N,7439.6307,W
47,2442,-91.5,4020.876,N,7439.6309,W
47,2442,-94.5,4020.876,N,7439.6309,W
47,2442,-93.5,4020.876,N,7439.6309,W
48,2442,-91.5,4020.876,N,7439.6309,W
48,2442,-88.5,4020.876,N,7439.6309,W
48,2442,-97.0,4020.876,N,7439.6309,W
48,2442,-92.0,4020.8759,N,7439.6314,W
48,2442,-95.5,4020.8759,N,7439.6314,W
48,2442,-89.0,4020.8759,N,7439.6314,W
48,2442,-90.5,4020.8759,N,7439.6314,W
49,2442,-91.5,4020.8759,N,7439.6314,W
49,2442,-95.5,4020.8759,N,7439.6314,W
49,2442,-92.5,4020.8759,N,7439.6314,W
49,2442,-93.5,4020.8759,N,7439.6314,W
49,2442,-90.5,4020.8758,N,7439.6319,W
49,2442,-94.0,4020.8758,N,7439.6319,W
49,2442,-97.0,4020.8758,N,7439.6319,W
50,2442,-93.5,4020.8758,N,7439.6319,W
50,2442,-91.5,4020.8758,N,7439.6319,W
50,2442,-97.0,4020.8758,N,7439.6319,W
50,2442,-95.5,4020.8758,N,7439.6319,W
50,2442,-98.5,4020.8755,N,7439.6325,W
50,2442,-96.5,4020.8755,N,7439.6325,W
50,2442,-93.5,4020.8755,N,7439.6325,W
51,2442,-94.0,4020.8755,N,7439.6325,W
51,2442,-90.0,4020.8755,N,7439.6325,W
51,2442,-89.0,4020.8755,N,7439.6325,W
51,2442,-89.5,4020.8755,N,7439.6325,W
51,2442,-92.5,4020.8755,N,7439.6325,W
51,2442,-92.5,4020.8755,N,7439.6325,W
51,2442,-89.0,4020.875,N,7439.6332,W
51,2442,-93.5,4020.875,N,7439.6332,W
52,2442,-87.5,4020.875,N,7439.6332,W
52,2442,-94.0,4020.875,N,7439.6332,W
52,2442,-91.0,4020.875,N,7439.6332,W
52,2442,-93.0,4020.875,N,7439.6332,W
52,2442,-96.5,4020.8746,N,7439.6338,W
52,2442,-89.5,4020.8746,N,7439.6338,W
52,2442,-96.0,4020.8746,N,7439.6338,W
53,2442,-95.5,4020.8746,N,7439.6338,W
53,2442,-89.5,4020.8746,N,7439.6338,W
53,2442,-93.5,4020.8746,N,7439.6338,W
53,2442,-95.5,4020.8746,N,7439.6338,W
53,2442,-97.0,4020.8743,N,7439.6344,W
53,2442,-89.0,4020.8743,N,7439.6344,W
53,2442,-94.5,4020.8743,N,7439.6344,W
54,2442,-93.0,4020.8743,N,7439.6344,W
54,2442,-97.5,4020.8743,N,7439.6344,W
54,2442,-91.5,4020.8743,N,7439.6344,W
54,2442,-89.5,4020.8743,N,7439.6344,W
54,2442,-97.0,4020.8739,N,7439.6352,W
54,2442,-91.0,4020.8739,N,7439.6352,W
54,2442,-94.0,4020.8739,N,7439.6352,W
54,2442,-95.0,4020.8739,N,7439.6352,W
55,2442,-94.0,4020.8739,N,7439.6352,W
55,2442,-92.0,4020.8739,N,7439.6352,W
55,2442,-88.0,4020.8739,N,7439.6352,W
55,2442,-93.5,4020.8739,N,7439.6352,W
55,2442,-92.5,4020.8732,N,7439.6356,W
55,2442,-90.5,4020.8732,N,7439.6356,W
55,2442,-95.0,4020.8732,N,7439.6356,W
56,2442,-95.5,4020.8732,N,7439.6356,W
56,2442,-89.5,4020.8732,N,7439.6356,W
56,2442,-92.0,4020.8732,N,7439.6356,W
56,2442,-98.0,4020.8732,N,7439.6356,W
56,2442,-91.5,4020.8732,N,7439.6356,W
56,2442,-95.5,4020.8729,N,7439.636,W
56,2442,-95.5,4020.8729,N,7439.636,W
57,2442,-92.5,4020.8729,N,7439.636,W
57,2442,-96.0,4020.8729,N,7439.636,W
57,2442,-96.5,4020.8729,N,7439.636,W
57,2442,-87.5,4020.8729,N,7439.636,W
57,2442,-92.0,4020.8724,N,7439.6366,W
57,2442,-87.0,4020.8724,N,7439.6366,W
57,2442,-93.5,4020.8724,N,7439.6366,W
58,2442,-91.5,4020.8724,N,7439.6366,W
58,2442,-89.5,4020.8724,N,7439.6366,W
58,2442,-92.0,4020.8724,N,7439.6366,W
58,2442,-89.5,4020.8724,N,7439.6366,W
58,2442,-92.0,4020.8724,N,7439.6366,W
58,2442,-96.5,4020.872,N,7439.6373,W
58,2442,-89.5,4020.872,N,7439.6373,W
58,2442,-90.5,4020.872,N,7439.6373,W
59,2442,-90.5,4020.872,N,7439.6373,W
59,2442,-94.5,4020.872,N,7439.6373,W
59,2442,-92.0,4020.872,N,7439.6373,W
59,2442,-92.5,4020.872,N,7439.6373,W
59,2442,-92.5,4020.8716,N,7439.638,W
59,2442,-93.0,4020.8716,N,7439.638,W
59,2442,-91.0,4020.8716,N,7439.638,W
60,2442,-94.0,4020.8716,N,7439.638,W
60,2442,-93.0,4020.8716,N,7439.638,W
60,2442,-94.5,4020.8716,N,7439.638,W
60,2442,-97.5,4020.8716,N,7439.638,W
60,2442,-93.0,4020.8712,N,7439.6387,W
60,2442,-92.5,4020.8712,N,7439.6387,W
60,2442,-86.0,4020.8712,N,7439.6387,W
61,2442,-90.0,4020.8712,N,7439.6387,W
61,2442,-91.0,4020.8712,N,7439.6387,W
61,2442,-96.0,4020.8712,N,7439.6387,W
61,2442,-91.5,4020.8712,N,7439.6387,W
61,2442,-94.5,4020.8712,N,7439.6387,W
61,2442,-98.0,4020.8712,N,7439.6387,W
61,2442,-93.0,4020.8707,N,7439.6393,W
61,2442,-92.5,4020.8707,N,7439.6393,W
62,2442,-92.5,4020.8707,N,7439.6393,W
62,2442,-92.5,4020.8707,N,7439.6393,W
62,2442,-90.5,4020.8707,N,7439.6393,W
62,2442,-96.5,4020.8707,N,7439.6393,W
62,2442,-93.5,4020.8704,N,7439.6398,W
62,2442,-89.5,4020.8704,N,7439.6398,W
62,2442,-98.0,4020.8704,N,7439.6398,W
63,2442,-92.5,4020.8704,N,7439.6398,W
63,2442,-94.0,4020.8704,N,7439.6398,W
63,2442,-93.5,4020.8704,N,7439.6398,W
63,2442,-89.0,4020.8704,N,7439.6398,W
63,2442,-91.5,4020.8702,N,7439.6404,W
63,2442,-97.0,4020.8702,N,7439.6404,W
63,2442,-93.0,4020.8702,N,7439.6404,W
64,2442,-93.0,4020.8702,N,7439.6404,W
64,2442,-90.5,4020.8702,N,7439.6404,W
64,2442,-94.0,4020.8702,N,7439.6404,W
64,2442,-94.5,4020.8702,N,7439.6404,W
64,2442,-88.5,4020.8697,N,7439.6412,W
64,2442,-91.5,4020.8697,N,7439.6412,W
64,2442,-90.5,4020.8697,N,7439.6412,W
65,2442,-93.5,4020.8697,N,7439.6412,W
65,2442,-94.5,4020.8697,N,7439.6412,W
65,2442,-93.5,4020.8697,N,7439.6412,W
65,2442,-97.0,4020.8697,N,7439.6412,W
65,2442,-98.5,4020.8692,N,7439.6418,W
65,2442,-93.5,4020.8692,N,7439.6418,W
65,2442,-90.0,4020.8692,N,7439.6418,W
65,2442,-92.0,4020.8692,N,7439.6418,W
66,2442,-95.0,4020.8692,N,7439.6418,W
66,2442,-97.5,4020.8692,N,7439.6418,W
66,2442,-94.0,4020.8692,N,7439.6418,W
66,2442,-92.5,4020.8692,N,7439.6418,W
66,2442,-96.5,4020.8692,N,7439.6418,W
66,2442,-92.0,4020.8689,N,7439.6423,W
66,2442,-91.0,4020.8689,N,7439.6423,W
67,2442,-95.0,4020.8689,N,7439.6423,W
67,2442,-92.0,4020.8689,N,7439.6423,W
67,2442,-89.5,4020.8689,N,7439.6423,W
67,2442,-92.5,4020.8689,N,7439.6423,W
67,2442,-94.5,4020.8684,N,7439.6426,W
67,2442,-92.5,4020.8684,N,7439.6426,W
67,2442,-93.0,4020.8684,N,7439.6426,W
68,2442,-93.5,4020.8684,N,7439.6426,W
68,2442,-91.5,4020.8684,N,7439.6426,W
68,2442,-87.5,4020.8684,N,7439.6426,W
68,2442,-88.5,4020.8684,N,7439.6426,W
68,2442,-95.5,4020.8676,N,7439.6418,W
68,2442,-94.5,4020.8676,N,7439.6418,W
68,2442,-93.5,4020.8676,N,7439.6418,W
68,2442,-89.5,4020.8676,N,7439.6418,W
69,2442,-89.0,4020.8676,N,7439.6418,W
69,2442,-92.0,4020.8676,N,7439.6418,W
69,2442,-94.5,4020.8676,N,7439.6418,W
69,2442,-90.0,4020.8674,N,7439.6407,W
69,2442,-92.0,4020.8674,N,7439.6407,W
69,2442,-94.0,4020.8674,N,7439.6407,W
69,2442,-95.0,4020.8674,N,7439.6407,W
70,2442,-90.5,4020.8674,N,7439.6407,W
70,2442,-93.5,4020.8674,N,7439.6407,W
70,2442,-90.5,4020.8674,N,7439.6407,W
70,2442,-93.0,4020.8674,N,7439.6407,W
70,2442,-95.0,4020.867,N,7439.6399,W
70,2442,-88.0,4020.867,N,7439.6399,W
70,2442,-93.0,4020.867,N,7439.6399,W
71,2442,-96.5,4020.867,N,7439.6399,W
71,2442,-91.0,4020.867,N,7439.6399,W
71,2442,-90.5,4020.867,N,7439.6399,W
71,2442,-94.0,4020.867,N,7439.6399,W
71,2442,-92.0,4020.867,N,7439.6399,W
71,2442,-86.0,4020.8668,N,7439.6389,W
71,2442,-97.0,4020.8668,N,7439.6389,W
72,2442,-98.0,4020.8668,N,7439.6389,W
72,2442,-94.5,4020.8668,N,7439.6389,W
72,2442,-93.5,4020.8668,N,7439.6389,W
72,2442,-96.5,4020.8668,N,7439.6389,W
72,2442,-90.0,4020.8664,N,7439.6378,W
72,2442,-91.0,4020.8664,N,7439.6378,W
72,2442,-93.5,4020.8664,N,7439.6378,W
72,2442,-92.5,4020.8664,N,7439.6378,W
73,2442,-91.0,4020.8664,N,7439.6378,W
73,2442,-89.0,4020.8664,N,7439.6378,W
73,2442,-94.5,4020.8664,N,7439.6378,W
73,2442,-86.5,4020.8664,N,7439.6378,W
73,2442,-98.5,4020.8664,N,7439.6366,W
73,2442,-93.5,4020.8664,N,7439.6366,W
73,2442,-95.5,4020.8664,N,7439.6366,W
74,2442,-90.5,4020.8664,N,7439.6366,W
74,2442,-87.5,4020.8664,N,7439.6366,W
74,2442,-94.5,4020.8664,N,7439.6366,W
74,2442,-89.0,4020.8664,N,7439.6366,W
74,2442,-98.5,4020.8666,N,7439.6355,W
74,2442,-89.0,4020.8666,N,7439.6355,W
74,2442,-93.0,4020.8666,N,7439.6355,W
75,2442,-91.5,4020.8666,N,7439.6355,W
75,2442,-95.0,4020.8666,N,7439.6355,W
75,2442,-96.0,4020.8666,N,7439.6355,W
75,2442,-90.5,4020.8666,N,7439.6355,W
75,2442,-94.0,4020.8666,N,7439.6345,W
75,2442,-90.5,4020.8666,N,7439.6345,W
75,2442,-91.0,4020.8666,N,7439.6345,W
76,2442,-96.0,4020.8666,N,7439.6345,W
76,2442,-94.5,4020.8666,N,7439.6345,W
76,2442,-90.0,4020.8666,N,7439.6345,W
76,2442,-93.5,4020.8666,N,7439.6345,W
76,2442,-92.5,4020.8666,N,7439.6345,W
76,2442,-93.5,4020.8666,N,7439.6345,W
76,2442,-92.0,4020.8666,N,7439.6334,W
76,2442,-94.5,4020.8666,N,7439.6334,W
77,2442,-94.0,4020.8666,N,7439.6334,W
77,2442,-93.0,4020.8666,N,7439.6334,W
77,2442,-91.0,4020.8666,N,7439.6334,W
77,2442,-89.5,4020.8666,N,7439.6334,W
77,2442,-90.0,4020.8668,N,7439.6323,W
77,2442,-94.0,4020.8668,N,7439.6323,W
77,2442,-91.0,4020.8668,N,7439.6323,W
78,2442,-92.0,4020.8668,N,7439.6323,W
78,2442,-95.0,4020.8668,N,7439.6323,W
78,2442,-91.5,4020.8668,N,7439.6323,W
78,2442,-91.5,4020.8668,N,7439.6323,W
78,2442,-96.0,4020.8669,N,7439.6312,W
78,2442,-96.5,4020.8669,N,7439.6312,W
78,2442,-91.5,4020.8669,N,7439.6312,W
79,2442,-88.5,4020.8669,N,7439.6312,W
79,2442,-91.0,4020.8669,N,7439.6312,W
79,2442,-86.0,4020.8669,N,7439.6312,W
79,2442,-87.5,4020.8669,N,7439.6312,W
79,2442,-95.0,4020.8669,N,7439.6302,W
79,2442,-88.5,4020.8669,N,7439.6302,W
79,2442,-93.5,4020.8669,N,7439.6302,W
79,2442,-90.5,4020.8669,N,7439.6302,W
80,2442,-89.5,4020.8669,N,7439.6302,W
80,2442,-89.5,4020.8669,N,7439.6302,W
80,2442,-89.0,4020.8669,N,7439.6302,W
80,2442,-93.5,4020.8666,N,7439.6292,W
80,2442,-92.5,4020.8666,N,7439.6292,W
80,2442,-89.0,4020.8666,N,7439.6292,W
80,2442,-90.5,4020.8666,N,7439.6292,W
81,2442,-88.0,4020.8666,N,7439.6292,W
81,2442,-94.0,4020.8666,N,7439.6292,W
81,2442,-93.5,4020.8666,N,7439.6292,W
81,2442,-95.5,4020.8666,N,7439.6292,W
81,2442,-93.5,4020.8666,N,7439.6292,W
81,2442,-89.5,4020.8663,N,7439.6283,W
81,2442,-88.5,4020.8663,N,7439.6283,W
82,2442,-92.0,4020.8663,N,7439.6283,W
82,2442,-91.0,4020.8663,N,7439.6283,W
82,2442,-94.0,4020.8663,N,7439.6283,W
82,2442,-91.0,4020.8663,N,7439.6283,W
82,2442,-92.5,4020.866,N,7439.6273,W
82,2442,-89.5,4020.866,N,7439.6273,W
82,2442,-91.5,4020.866,N,7439.6273,W
83,2442,-93.0,4020.866,N,7439.6273,W
83,2442,-89.5,4020.866,N,7439.6273,W
83,2442,-91.0,4020.866,N,7439.6273,W
83,2442,-94.5,4020.866,N,7439.6273,W
83,2442,-89.0,4020.8657,N,7439.6264,W
83,2442,-94.0,4020.8657,N,7439.6264,W
83,2442,-92.5,4020.8657,N,7439.6264,W
83,2442,-95.5,4020.8657,N,7439.6264,W
84,2442,-95.5,4020.8657,N,7439.6264,W
84,2442,-93.0,4020.8657,N,7439.6264,W
84,2442,-92.0,4020.8657,N,7439.6264,W
84,2442,-95.0,4020.8657,N,7439.6264,W
84,2442,-91.5,4020.8654,N,7439.6256,W
84,2442,-88.0,4020.8654,N,7439.6256,W
84,2442,-91.5,4020.8654,N,7439.6256,W
85,2442,-90.5,4020.8654,N,7439.6256,W
85,2442,-94.0,4020.8654,N,7439.6256,W
85,2442,-91.0,4020.8654,N,7439.6256,W
85,2442,-96.5,4020.8654,N,7439.6256,W
85,2442,-91.0,4020.8651,N,7439.6247,W
85,2442,-94.0,4020.8651,N,7439.6247,W
85,2442,-95.5,4020.8651,N,7439.6247,W
86,2442,-87.0,4020.8651,N,7439.6247,W
86,2442,-96.5,4020.8651,N,7439.6247,W
86,2442,-92.5,4020.8651,N,7439.6247,W
86,2442,-92.0,4020.8651,N,7439.6247,W
86,2442,-94.5,4020.8651,N,7439.6247,W
86,2442,-94.5,4020.8651,N,7439.6247,W
86,2442,-92.5,4020.8647,N,7439.6237,W
86,2442,-95.0,4020.8647,N,7439.6237,W
87,2442,-92.5,4020.8647,N,7439.6237,W
87,2442,-93.5,4020.8647,N,7439.6237,W
87,2442,-94.5,4020.8647,N,7439.6237,W
87,2442,-90.5,4020.8647,N,7439.6237,W
87,2442,-93.0,4020.8643,N,7439.6228,W
87,2442,-89.0,4020.8643,N,7439.6228,W
87,2442,-93.5,4020.8643,N,7439.6228,W
88,2442,-88.0,4020.8643,N,7439.6228,W
88,2442,-93.5,4020.8643,N,7439.6228,W
88,2442,-93.5,4020.8643,N,7439.6228,W
88,2442,-91.5,4020.8643,N,7439.6228,W
88,2442,-98.0,4020.8641,N,7439.6218,W
88,2442,-91.5,4020.8641,N,7439.6218,W
88,2442,-91.0,4020.8641,N,7439.6218,W
89,2442,-89.0,4020.8641,N,7439.6218,W
89,2442,-97.0,4020.8641,N,7439.6218,W
89,2442,-94.5,4020.8641,N,7439.6218,W
89,2442,-91.5,4020.8641,N,7439.6218,W
89,2442,-89.0,4020.8638,N,7439.6208,W
89,2442,-94.0,4020.8638,N,7439.6208,W
89,2442,-93.5,4020.8638,N,7439.6208,W
90,2442,-89.5,4020.8638,N,7439.6208,W
90,2442,-91.0,4020.8638,N,7439.6208,W
90,2442,-90.5,4020.8638,N,7439.6208,W
90,2442,-93.5,4020.8638,N,7439.6208,W
90,2442,-92.0,4020.8638,N,7439.6208,W
90,2442,-91.0,4020.8635,N,7439.6199,W
90,2442,-95.5,4020.8635,N,7439.6199,W
90,2442,-91.5,4020.8635,N,7439.6199,W
91,2442,-92.0,4020.8635,N,7439.6199,W
91,2442,-91.5,4020.8635,N,7439.6199,W
91,2442,-90.0,4020.8635,N,7439.6199,W
91,2442,-93.0,4020.8635,N,7439.6199,W
91,2442,-88.0,4020.8635,N,7439.6199,W
91,2442,-90.0,4020.8632,N,7439.6189,W
91,2442,-98.0,4020.8632,N,7439.6189,W
92,2442,-88.0,4020.8632,N,7439.6189,W
92,2442,-91.0,4020.8632,N,7439.6189,W
92,2442,-97.0,4020.8632,N,7439.6189,W
92,2442,-90.5,4020.8632,N,7439.6189,W
92,2442,-92.0,4020.8629,N,7439.618,W
92,2442,-92.5,4020.8629,N,7439.618,W
92,2442,-95.0,4020.8629,N,7439.618,W
93,2442,-91.5,4020.8629,N,7439.618,W
93,2442,-97.0,4020.8629,N,7439.618,W
93,2442,-90.5,4020.8629,N,7439.618,W
93,2442,-88.0,4020.8629,N,7439.618,W
93,2442,-89.5,4020.8626,N,7439.6171,W
93,2442,-92.5,4020.8626,N,7439.6171,W
93,2442,-90.5,4020.8626,N,7439.6171,W
93,2442,-93.5,4020.8626,N,7439.6171,W
94,2442,-92.5,4020.8626,N,7439.6171,W
94,2442,-91.0,4020.8626,N,7439.6171,W
94,2442,-95.5,4020.8626,N,7439.6171,W
94,2442,-95.5,4020.8626,N,7439.6171,W
94,2442,-92.0,4020.8624,N,7439.6161,W
94,2442,-95.5,4020.8624,N,7439.6161,W
94,2442,-93.5,4020.8624,N,7439.6161,W
95,2442,-91.0,4020.8624,N,7439.6161,W
95,2442,-95.0,4020.8624,N,7439.6161,W
95,2442,-95.5,4020.8624,N,7439.6161,W
95,2442,-93.5,4020.8624,N,7439.6161,W
95,2442,-93.5,4020.8622,N,7439.6152,W
95,2442,-91.5,4020.8622,N,7439.6152,W
95,2442,-91.5,4020.8622,N,7439.6152,W
96,2442,-87.0,4020.8622,N,7439.6152,W
96,2442,-91.0,4020.8622,N,7439.6152,W
96,2442,-90.5,4020.8622,N,7439.6152,W
96,2442,-94.0,4020.8622,N,7439.6152,W
96,2442,-90.5,4020.8622,N,7439.6152,W
96,2442,-94.0,4020.8619,N,7439.6143,W
96,2442,-89.0,4020.8619,N,7439.6143,W
97,2442,-88.5,4020.8619,N,7439.6143,W
97,2442,-93.5,4020.8619,N,7439.6143,W
97,2442,-97.5,4020.8619,N,7439.6143,W
97,2442,-95.0,4020.8619,N,7439.6143,W
97,2442,-95.0,4020.8619,N,7439.6143,W
97,2442,-97.0,4020.8617,N,7439.6133,W
97,2442,-96.0,4020.8617,N,7439.6133,W
97,2442,-95.0,4020.8617,N,7439.6133,W
98,2442,-90.5,4020.8617,N,7439.6133,W
98,2442,-90.5,4020.8617,N,7439.6133,W
98,2442,-91.0,4020.8617,N,7439.6133,W
98,2442,-86.0,4020.8617,N,7439.6133,W
98,2442,-93.0,4020.8615,N,7439.6124,W
98,2442,-92.5,4020.8615,N,7439.6124,W
98,2442,-96.0,4020.8615,N,7439.6124,W
99,2442,-89.0,4020.8615,N,7439.6124,W
99,2442,-96.5,4020.8615,N,7439.6124,W
99,2442,-93.5,4020.8615,N,7439.6124,W
99,2442,-92.5,4020.8615,N,7439.6124,W
99,2442,-91.5,4020.8614,N,7439.6115,W
99,2442,-99.0,4020.8614,N,7439.6115,W
99,2442,-95.0,4020.8614,N,7439.6115,W
100,2442,-90.5,4020.8614,N,7439.6115,W
100,2442,-91.0,4020.8614,N,7439.6115,W
100,2442,-91.5,4020.8614,N,7439.6115,W
100,2442,-95.0,4020.8614,N,7439.6115,W
100,2442,-96.0,4020.8613,N,7439.6105,W
100,2442,-93.0,4020.8613,N,7439.6105,W
100,2442,-91.5,4020.8613,N,7439.6105,W
100,2442,-97.0,4020.8613,N,7439.6105,W
101,2442,-90.5,4020.8613,N,7439.6105,W
101,2442,-92.0,4020.8613,N,7439.6105,W
101,2442,-94.0,4020.8613,N,7439.6105,W
101,2442,-93.5,4020.8613,N,7439.6105,W
101,2442,-93.5,4020.8613,N,7439.6105,W
101,2442,-92.5,4020.8612,N,7439.6095,W
101,2442,-88.0,4020.8612,N,7439.6095,W
102,2442,-94.0,4020.8612,N,7439.6095,W
102,2442,-92.0,4020.8612,N,7439.6095,W
102,2442,-95.0,4020.8612,N,7439.6095,W
102,2442,-95.5,4020.8612,N,7439.6095,W
102,2442,-91.0,4020.8611,N,7439.6085,W
102,2442,-89.5,4020.8611,N,7439.6085,W
102,2442,-92.0,4020.8611,N,7439.6085,W
103,2442,-90.0,4020.8611,N,7439.6085,W
103,2442,-92.5,4020.8611,N,7439.6085,W
103,2442,-91.0,4020.8611,N,7439.6085,W
103,2442,-93.5,4020.8611,N,7439.6085,W
103,2442,-93.5,4020.861,N,7439.6075,W
103,2442,-93.5,4020.861,N,7439.6075,W
103,2442,-94.0,4020.861,N,7439.6075,W
104,2442,-90.0,4020.861,N,7439.6075,W
104,2442,-92.0,4020.861,N,7439.6075,W
104,2442,-95.0,4020.861,N,7439.6075,W
104,2442,-93.5,4020.861,N,7439.6075,W
104,2442,-96.0,4020.861,N,7439.6065,W
104,2442,-91.5,4020.861,N,7439.6065,W
104,2442,-94.5,4020.861,N,7439.6065,W
104,2442,-92.5,4020.861,N,7439.6065,W
105,2442,-94.0,4020.861,N,7439.6065,W
105,2442,-94.0,4020.861,N,7439.6065,W
105,2442,-93.5,4020.861,N,7439.6065,W
105,2442,-95.5,4020.861,N,7439.6065,W
105,2442,-90.5,4020.861,N,7439.6055,W
105,2442,-93.0,4020.861,N,7439.6055,W
105,2442,-89.5,4020.861,N,7439.6055,W
106,2442,-91.0,4020.861,N,7439.6055,W
106,2442,-92.5,4020.861,N,7439.6055,W
106,2442,-86.0,4020.861,N,7439.6055,W
106,2442,-93.5,4020.861,N,7439.6055,W
106,2442,-92.0,4020.861,N,7439.6055,W
106,2442,-92.5,4020.8612,N,7439.6045,W
106,2442,-94.0,4020.8612,N,7439.6045,W
107,2442,-91.0,4020.8612,N,7439.6045,W
107,2442,-91.5,4020.8612,N,7439.6045,W
107,2442,-92.5,4020.8612,N,7439.6045,W
107,2442,-92.0,4020.8612,N,7439.6045,W
107,2442,-97.5,4020.8612,N,7439.6037,W
107,2442,-93.5,4020.8612,N,7439.6037,W
107,2442,-92.0,4020.8612,N,7439.6037,W
108,2442,-91.5,4020.8612,N,7439.6037,W
108,2442,-90.5,4020.8612,N,7439.6037,W
108,2442,-96.5,4020.8612,N,7439.6037,W
108,2442,-97.0,4020.8612,N,7439.6037,W
108,2442,-91.0,4020.8614,N,7439.6028,W
108,2442,-91.5,4020.8614,N,7439.6028,W
108,2442,-95.0,4020.8614,N,7439.6028,W
108,2442,-91.5,4020.8614,N,7439.6028,W
109,2442,-92.5,4020.8614,N,7439.6028,W
109,2442,-93.0,4020.8614,N,7439.6028,W
109,2442,-90.5,4020.8614,N,7439.6028,W
109,2442,-94.0,4020.8615,N,7439.6018,W
109,2442,-90.0,4020.8615,N,7439.6018,W
109,2442,-88.0,4020.8615,N,7439.6018,W
109,2442,-93.5,4020.8615,N,7439.6018,W
110,2442,-92.0,4020.8615,N,7439.6018,W
110,2442,-90.5,4020.8615,N,7439.6018,W
110,2442,-92.0,4020.8615,N,7439.6018,W
110,2442,-92.0,4020.8615,N,7439.6018,W
110,2442,-94.5,4020.8616,N,7439.6008,W
110,2442,-91.5,4020.8616,N,7439.6008,W
110,2442,-92.0,4020.8616,N,7439.6008,W
111,2442,-90.0,4020.8616,N,7439.6008,W
111,2442,-88.5,4020.8616,N,7439.6008,W
111,2442,-88.0,4020.8616,N,7439.6008,W
111,2442,-92.5,4020.8616,N,7439.6008,W
111,2442,-93.0,4020.8616,N,7439.6008,W
111,2442,-93.5,4020.8616,N,7439.6008,W
111,2442,-97.0,4020.8618,N,7439.6,W
111,2442,-98.5,4020.8618,N,7439.6,W
112,2442,-90.5,4020.8618,N,7439.6,W
112,2442,-94.0,4020.8618,N,7439.6,W
112,2442,-96.0,4020.8618,N,7439.6,W
112,2442,-96.0,4020.8618,N,7439.6,W
112,2442,-95.0,4020.8622,N,7439.5991,W
112,2442,-94.0,4020.8622,N,7439.5991,W
112,2442,-97.0,4020.8622,N,7439.5991,W
113,2442,-94.0,4020.8622,N,7439.5991,W
113,2442,-89.0,4020.8622,N,7439.5991,W
